SMILES,MaxAbsEStateIndex,MaxEStateIndex,MinAbsEStateIndex,MinEStateIndex,qed,SPS,MolWt,HeavyAtomMolWt,ExactMolWt,NumValenceElectrons,NumRadicalElectrons,MaxPartialCharge,MinPartialCharge,MaxAbsPartialCharge,MinAbsPartialCharge,FpDensityMorgan1,FpDensityMorgan2,FpDensityMorgan3,BCUT2D_MWHI,BCUT2D_MWLOW,BCUT2D_CHGHI,BCUT2D_CHGLO,BCUT2D_LOGPHI,BCUT2D_LOGPLOW,BCUT2D_MRHI,BCUT2D_MRLOW,AvgIpc,BalabanJ,BertzCT,Chi0,Chi0n,Chi0v,Chi1,Chi1n,Chi1v,Chi2n,Chi2v,Chi3n,Chi3v,Chi4n,Chi4v,HallKierAlpha,Ipc,Kappa1,Kappa2,Kappa3,LabuteASA,PEOE_VSA1,PEOE_VSA10,PEOE_VSA11,PEOE_VSA12,PEOE_VSA13,PEOE_VSA14,PEOE_VSA2,PEOE_VSA3,PEOE_VSA4,PEOE_VSA5,PEOE_VSA6,PEOE_VSA7,PEOE_VSA8,PEOE_VSA9,SMR_VSA1,SMR_VSA10,SMR_VSA2,SMR_VSA3,SMR_VSA4,SMR_VSA5,SMR_VSA6,SMR_VSA7,SMR_VSA8,SMR_VSA9,SlogP_VSA1,SlogP_VSA10,SlogP_VSA11,SlogP_VSA12,SlogP_VSA2,SlogP_VSA3,SlogP_VSA4,SlogP_VSA5,SlogP_VSA6,SlogP_VSA7,SlogP_VSA8,SlogP_VSA9,TPSA,EState_VSA1,EState_VSA10,EState_VSA11,EState_VSA2,EState_VSA3,EState_VSA4,EState_VSA5,EState_VSA6,EState_VSA7,EState_VSA8,EState_VSA9,VSA_EState1,VSA_EState10,VSA_EState2,VSA_EState3,VSA_EState4,VSA_EState5,VSA_EState6,VSA_EState7,VSA_EState8,VSA_EState9,FractionCSP3,HeavyAtomCount,NHOHCount,NOCount,NumAliphaticCarbocycles,NumAliphaticHeterocycles,NumAliphaticRings,NumAromaticCarbocycles,NumAromaticHeterocycles,NumAromaticRings,NumHAcceptors,NumHDonors,NumHeteroatoms,NumRotatableBonds,NumSaturatedCarbocycles,NumSaturatedHeterocycles,NumSaturatedRings,RingCount,MolLogP,MolMR,fr_Al_COO,fr_Al_OH,fr_Al_OH_noTert,fr_ArN,fr_Ar_COO,fr_Ar_N,fr_Ar_NH,fr_Ar_OH,fr_COO,fr_COO2,fr_C_O,fr_C_O_noCOO,fr_C_S,fr_HOCCN,fr_Imine,fr_NH0,fr_NH1,fr_NH2,fr_N_O,fr_Ndealkylation1,fr_Ndealkylation2,fr_Nhpyrrole,fr_SH,fr_aldehyde,fr_alkyl_carbamate,fr_alkyl_halide,fr_allylic_oxid,fr_amide,fr_amidine,fr_aniline,fr_aryl_methyl,fr_azide,fr_azo,fr_barbitur,fr_benzene,fr_benzodiazepine,fr_bicyclic,fr_diazo,fr_dihydropyridine,fr_epoxide,fr_ester,fr_ether,fr_furan,fr_guanido,fr_halogen,fr_hdrzine,fr_hdrzone,fr_imidazole,fr_imide,fr_isocyan,fr_isothiocyan,fr_ketone,fr_ketone_Topliss,fr_lactam,fr_lactone,fr_methoxy,fr_morpholine,fr_nitrile,fr_nitro,fr_nitro_arom,fr_nitro_arom_nonortho,fr_nitroso,fr_oxazole,fr_oxime,fr_para_hydroxylation,fr_phenol,fr_phenol_noOrthoHbond,fr_phos_acid,fr_phos_ester,fr_piperdine,fr_piperzine,fr_priamide,fr_prisulfonamd,fr_pyridine,fr_quatN,fr_sulfide,fr_sulfonamd,fr_sulfone,fr_term_acetylene,fr_tetrazole,fr_thiazole,fr_thiocyan,fr_thiophene,fr_unbrch_alkane,fr_urea
O,0,0,0,0,0.3277476769,0,18.015,15.999,18.01056468,8,0,-0.4115095219,-0.4115095219,0.4115095219,0.4115095219,1,1,1,15.999,15.999,-0.4115095219,-0.4115095219,-0.2893,-0.2893,0.8238,0.8238,0,0,0,0,0.5,0.5,0,0,0,0,0,0,0,0,0,-0.04,0,0.96,-27.04,-104.04,6.849231188,5.476191836,0,0,0,0,0,0,0,0,0,0,0,0,0,5.476191836,0,0,0,0,0,0,0,0,0,0,0,0,0,5.476191836,0,0,0,0,0,0,0,31.5,0,0,0,5.476191836,0,0,0,0,0,0,0,0,0,0,0,0,0,0,0,0,0,0,1,2,1,0,0,0,0,0,0,0,0,1,0,0,0,0,0,-0.8247,3.6138,0,0,0,0,0,0,0,0,0,0,0,0,0,0,0,0,0,0,0,0,0,0,0,0,0,0,0,0,0,0,0,0,0,0,0,0,0,0,0,0,0,0,0,0,0,0,0,0,0,0,0,0,0,0,0,0,0,0,0,0,0,0,0,0,0,0,0,0,0,0,0,0,0,0,0,0,0,0,0,0,0,0,0,0,0
CO,7,7,1,1,0.3852844045,3,32.042,28.01,32.02621475,14,0,0.03194068372,-0.3996302436,0.3996302436,0.03194068372,1.5,1.5,1.5,16.23570303,11.77429697,0.8391720168,-1.206861577,0.754519782,-1.247319782,3.177807485,0.3989925148,1,1,2,2,1.447213595,1.447213595,1,0.4472135955,0.4472135955,0,0,0,0,0,0,-0.04,2,1.96,0.96,-27.04,13.53348478,5.106527395,0,0,0,0,0,0,0,0,0,0,0,7.109797541,0,5.106527395,0,0,0,0,0,7.109797541,0,0,0,0,0,0,0,12.21632494,0,0,0,0,0,0,0,20.23,0,0,0,0,0,7.109797541,0,0,0,0,5.106527395,0,0,0,7,0,0,0,0,0,1,1,2,1,1,0,0,0,0,0,0,1,1,1,0,0,0,0,0,-0.3915,8.1428,0,1,1,0,0,0,0,0,0,0,0,0,0,0,0,0,0,0,0,0,0,0,0,0,0,0,0,0,0,0,0,0,0,0,0,0,0,0,0,0,0,0,0,0,0,0,0,0,0,0,0,0,0,0,0,0,0,0,0,0,0,0,0,0,0,0,0,0,0,0,0,0,0,0,0,0,0,0,0,0,0,0,0,0,0
CCO,7.569444444,7.569444444,0.25,0.25,0.4068079657,6,46.069,40.021,46.04186481,20,0,0.04022058175,-0.3966637148,0.3966637148,0.04022058175,2,2,2,16.24899133,10.90816804,1.340293519,-1.522358693,1.296242638,-1.568363547,3.835802336,0.3184056132,0.9182958341,1.632993162,2.754887502,2.707106781,2.154320377,2.154320377,1.414213562,1.023334547,1.023334547,0.316227766,0.316227766,0,0,0,0,-0.04,2.754887502,2.96,1.96,1.96,19.89842689,5.106527395,0,0,0,0,0,0,0,0,0,0,6.9237372,6.606881965,0,5.106527395,0,0,0,0,6.9237372,6.606881965,0,0,0,0,0,0,0,11.71340936,0,0,6.9237372,0,0,0,0,20.23,0,0,0,6.606881965,0,0,0,6.9237372,0,0,5.106527395,0,0,0,7.569444444,0,0,0,0,1.930555556,0,1,3,1,1,0,0,0,0,0,0,1,1,1,0,0,0,0,0,-0.0014,12.7598,0,1,1,0,0,0,0,0,0,0,0,0,0,0,0,0,0,0,0,0,0,0,0,0,0,0,0,0,0,0,0,0,0,0,0,0,0,0,0,0,0,0,0,0,0,0,0,0,0,0,0,0,0,0,0,0,0,0,0,0,0,0,0,0,0,0,0,0,0,0,0,0,0,0,0,0,0,0,0,0,0,0,0,0,0
CC(=O)C,9.444444444,9.444444444,0.1666666667,0.1666666667,0.3982369618,6.5,58.08,52.032,58.04186481,24,0,0.1262679436,-0.3003439027,0.3003439027,0.1262679436,1.5,1.5,1.5,16.136528,10.55082225,1.619125489,-1.557836365,1.500722222,-1.691320522,5.717069246,-0.1144925953,0.8112781245,2.803039488,26.26466251,3.577350269,2.90824829,2.90824829,1.732050808,1.204124145,1.204124145,0.9082482905,0.9082482905,0,0,0,0,-0.33,3.245112498,3.67,1.044531835,6.883957759,25.63065736,4.794537184,5.783244946,0,0,0,0,0,0,0,0,0,13.8474744,0,0,4.794537184,5.783244946,0,0,0,13.8474744,0,0,0,0,0,0,0,0,5.783244946,4.794537184,0,13.8474744,0,0,0,0,17.07,0,4.794537184,0,5.783244946,0,0,13.8474744,0,0,0,0,0,0,9.444444444,0,0,0.1666666667,0,0,3.055555556,0,0.6666666667,4,0,1,0,0,0,0,0,0,1,0,1,0,0,0,0,0,0.5953,16.355,0,0,0,0,0,0,0,0,0,0,1,1,0,0,0,0,0,0,0,0,0,0,0,0,0,0,0,0,0,0,0,0,0,0,0,0,0,0,0,0,0,0,0,0,0,0,0,0,0,0,0,1,1,0,0,0,0,0,0,0,0,0,0,0,0,0,0,0,0,0,0,0,0,0,0,0,0,0,0,0,0,0,0,0,0
c1ccccc1,2,2,2,2,0.4426283719,8,78.114,72.066,78.04695019,30,0,-0.06226857078,-0.06226857078,0.06226857078,0.06226857078,0.3333333333,0.5,0.6666666667,13.64699316,10.37900684,1.573724591,-1.694261733,1.794093162,-1.473893162,4.985993162,1.718006838,1.719973094,3,71.96100506,4.242640687,3.464101615,3.464101615,3,2,2,1.154700538,1.154700538,0.6666666667,0.6666666667,0.3849001795,0.3849001795,-0.78,34.39946188,3.411570881,1.60576944,0.5823992601,37.43140312,0,0,0,0,0,0,0,0,0,0,36.39820241,0,0,0,0,0,0,0,0,0,0,36.39820241,0,0,0,0,0,0,0,0,0,0,36.39820241,0,0,0,0,0,0,0,0,0,0,0,0,36.39820241,0,0,0,0,0,0,0,0,12,0,0,0,0,6,0,0,0,0,0,1,0,1,0,0,0,0,0,0,0,1,1.6866,26.442,0,0,0,0,0,0,0,0,0,0,0,0,0,0,0,0,0,0,0,0,0,0,0,0,0,0,0,0,0,0,0,0,0,0,1,0,0,0,0,0,0,0,0,0,0,0,0,0,0,0,0,0,0,0,0,0,0,0,0,0,0,0,0,0,0,0,0,0,0,0,0,0,0,0,0,0,0,0,0,0,0,0,0,0,0
CC(=O)O,9,9,0.8333333333,-0.8333333333,0.4298828832,6.25,60.052,56.02,60.02112937,24,0,0.2996845532,-0.4814334752,0.4814334752,0.2996845532,2,2,2,16.36392907,10.85498522,1.650995185,-1.589773995,1.415654394,-1.777043743,5.624779759,-0.1339289925,0.8112781245,2.803039488,27.01955001,3.577350269,2.355461886,2.355461886,1.732050808,0.927730943,0.927730943,0.5190180359,0.5190180359,0,0,0,0,-0.53,3.245112498,3.47,0.8748582996,1.156009256,24.05994899,5.106527395,0,0,0,5.969305288,0,4.794537184,0,0,0,0,0,6.9237372,0,9.901064579,5.969305288,0,0,0,6.9237372,0,0,0,0,0,0,0,0,11.07583268,4.794537184,0,6.9237372,0,0,0,0,37.3,5.969305288,0,0,0,0,6.9237372,0,0,0,0,9.901064579,0,0,9,7.416666667,0,-0.8333333333,0,0,1.083333333,0,0.5,4,1,2,0,0,0,0,0,0,1,1,2,0,0,0,0,0,0.0909,13.3098,1,0,0,0,0,0,0,0,1,1,1,0,0,0,0,0,0,0,0,0,0,0,0,0,0,0,0,0,0,0,0,0,0,0,0,0,0,0,0,0,0,0,0,0,0,0,0,0,0,0,0,0,0,0,0,0,0,0,0,0,0,0,0,0,0,0,0,0,0,0,0,0,0,0,0,0,0,0,0,0,0,0,0,0,0
C(C1C(C(C(C(O1)O)O)O)O)O,9.119537037,9.119537037,0.525787037,-1.568935185,0.2901528545,49.25,180.156,168.06,180.0633881,72,0,0.1835703285,-0.393566516,0.393566516,0.1835703285,0.9166666667,1.5,2,16.63974209,9.99518447,2.419213979,-2.368817634,2.184436367,-2.57905124,4.874163848,-0.2861114419,2.075422391,2.634408987,146.2188491,9.300964908,6.238174395,6.238174395,5.574586063,3.56200947,3.56200947,2.719449317,2.719449317,1.86705949,1.86705949,1.081733811,1.081733811,-0.24,454.5175035,9.845034014,3.648916103,1.581758759,68.64284444,30.26949993,24.41586555,6.290026729,0,0,0,0,0,0,0,0,0,0,6.606881965,30.26949993,0,0,0,0,30.70589228,6.606881965,0,0,0,0,0,0,0,62.84541122,4.736862954,0,0,0,0,0,0,110.38,37.31277424,0,0,0,0,0,0,0,0,4.736862954,25.53263697,4.575925926,0,0,44.65722222,0,0,0,-7.040694444,-0.525787037,0,1,12,5,6,0,1,1,0,0,0,6,5,6,1,0,1,1,1,-3.2214,35.986,0,5,5,0,0,0,0,0,0,0,0,0,0,0,0,0,0,0,0,0,0,0,0,0,0,0,0,0,0,0,0,0,0,0,0,0,0,0,0,0,0,1,0,0,0,0,0,0,0,0,0,0,0,0,0,0,0,0,0,0,0,0,0,0,0,0,0,0,0,0,0,0,0,0,0,0,0,0,0,0,0,0,0,0,0
CC(=O)OC1=CC=CC=C1C(=O)O,10.61194822,10.61194822,0.01601851852,-1.114027778,0.5501217967,9.307692308,180.159,172.095,180.0422587,68,0,0.3390037869,-0.4775395272,0.4775395272,0.3390037869,1.307692308,1.923076923,2.461538462,16.53611122,10.18228238,2.104306981,-2.031132092,2.169834557,-2.063000062,5.913065796,-0.1314143424,2.032536916,3.043527355,343.2228677,9.844934983,6.981359544,6.981359544,6.109060905,3.617453648,3.617453648,2.394955678,2.394955678,1.371154665,1.371154665,0.8871712192,0.8871712192,-1.84,729.6807529,9.249605735,3.709251258,2.297415033,74.75705264,9.843390349,11.31296332,0,0,0,11.93861058,4.794537184,4.794537184,0,0,12.13273414,12.13273414,6.9237372,0,19.43246472,11.93861058,0,0,0,6.9237372,0,29.82891977,0,5.749511833,4.736862954,0,5.749511833,0,17.04513797,4.794537184,0,17.28172588,24.26546827,0,0,0,63.6,11.93861058,9.589074368,0,11.31296332,0,0,19.05647134,12.13273414,0,4.736862954,5.106527395,4.686898148,0,21.18476757,8.687243008,-0.01601851852,-1.57587963,5.978792517,0,1.220863568,0,0.1111111111,13,1,4,0,0,0,1,0,1,3,1,4,2,0,0,0,1,1.3101,44.7103,0,0,0,0,1,0,0,0,1,1,2,1,0,0,0,0,0,0,0,0,0,0,0,0,0,0,0,0,0,0,0,0,0,0,1,0,0,0,0,0,1,1,0,0,0,0,0,0,0,0,0,0,0,0,0,0,0,0,0,0,0,0,0,0,1,0,0,0,0,0,0,0,0,0,0,0,0,0,0,0,0,0,0,0,0
Cn1c(=O)c2c(ncn2C)n(C)c1=O,11.67203704,11.67203704,0.3165740741,-0.36,0.5384628262,11.07142857,194.194,184.114,194.0803756,74,0,0.3317034326,-0.3278634661,0.3317034326,0.3278634661,1.142857143,1.785714286,2.428571429,16.16128232,10.48818799,2.110255216,-2.021517497,2.011819898,-2.369665406,5.691604589,0.7054356051,2.538687647,3.221281081,616.528592,10.45566545,8.182701232,8.182701232,6.53658126,4.107927643,4.107927643,3.233448966,3.233448966,2.316512895,2.316512895,1.471179885,1.471179885,-1.85,1876.090171,8.735233269,2.567947901,0.8757741627,79.02895702,4.567099648,0,11.16387794,0,5.559266895,5.689743398,13.92873648,9.778515705,0,0,0,0,21.14301595,6.327320075,0,11.16387794,0,18.68527746,21.14301595,0,0,27.16540474,0,0,11.24901029,0,0,0,18.68527746,21.14301595,0,0,15.91639444,0,11.16387794,0,61.82,0,9.589074368,0,11.24901029,11.16387794,4.567099648,17.94209171,18.66244361,0,4.983978521,0,4.039537037,0,27.15444822,0,0.1800925926,0,0,1.519351852,0,4.773236961,0.375,14,0,6,0,0,0,0,2,2,6,0,6,0,0,0,0,2,-1.0293,51.196,0,0,0,0,0,4,0,0,0,0,0,0,0,0,0,4,0,0,0,0,0,0,0,0,0,0,0,0,0,0,2,0,0,0,0,0,1,0,0,0,0,0,0,0,0,0,0,1,0,0,0,0,0,0,0,0,0,0,0,0,0,0,0,0,0,0,0,0,0,0,0,0,0,0,0,0,0,0,0,0,0,0,0,0,0
CC(=O)Nc1ccc(O)cc1,10.52446854,10.52446854,0.1151020408,-0.1151020408,0.5950261968,9.181818182,151.165,142.093,151.0633285,58,0,0.2207474363,-0.5079643158,0.5079643158,0.2207474363,1.363636364,1.909090909,2.363636364,16.25468871,10.28019086,1.928036059,-1.994554074,2.125247579,-2.044011313,5.880954785,-0.1137357834,1.929126625,2.736298072,253.2994976,8.267584714,6.164862963,6.164862963,5.18154055,3.249098148,3.249098148,2.228060242,2.228060242,1.187673315,1.187673315,0.7480265992,0.7480265992,-1.51,285.5107405,7.595374078,3.053138101,2.292303973,64.66690538,10.423316,5.749511833,0,5.907179729,0,0,4.794537184,0,0,0,0,24.26546827,12.61112347,0,9.901064579,11.594566,0,0,0,6.9237372,5.316788604,24.26546827,0,5.749511833,5.316788604,5.687386275,5.749511833,0,11.01370712,4.794537184,0,6.9237372,24.26546827,0,0,0,49.33,0,4.794537184,0,11.65669156,5.687386275,0,19.05647134,12.13273414,0,5.316788604,5.106527395,0,0,10.52446854,11.4600326,0.6900925926,0.07851095994,6.309537037,0,1.437358277,0,0.125,11,2,3,0,0,0,1,0,1,2,2,3,1,0,0,0,1,1.3506,42.4105,0,0,0,0,0,0,0,1,0,0,1,1,0,0,0,0,1,0,0,0,0,0,0,0,0,0,0,1,0,1,0,0,0,0,1,0,0,0,0,0,0,0,0,0,0,0,0,0,0,0,0,0,0,0,0,0,0,0,0,0,0,0,0,0,0,1,1,0,0,0,0,0,0,0,0,0,0,0,0,0,0,0,0,0,0
C(C(C(C(C(C=O)O)O)O)O)O,9.896426209,9.896426209,0.02577475435,-1.787361111,0.2816378107,21.08333333,180.156,168.06,180.0633881,72,0,0.1507548295,-0.3935791329,0.3935791329,0.1507548295,1.083333333,1.583333333,1.916666667,16.38943105,10.04643602,2.288811228,-2.219333916,2.023964584,-2.458291756,5.562220399,-0.1359364381,2.122800175,4.070579537,138,9.723614639,6.238174395,6.238174395,5.54011122,3.326307209,3.326307209,2.357782054,2.357782054,1.420530119,1.420530119,0.6181226,0.6181226,-0.53,358.7532296,11.47,5.175013037,2.838808992,68.69665246,30.32717416,24.41586555,6.286160523,0,0,0,0,0,0,0,0,0,0,6.606881965,30.32717416,6.286160523,0,0,0,24.41586555,6.606881965,0,0,0,0,0,0,0,62.84154501,4.794537184,0,0,0,0,0,0,118.22,31.02274752,4.794537184,0,6.286160523,0,0,0,0,0,0,25.53263697,0,0,9.896426209,43.53638653,0,0,0,-6.839364135,-0.7601152683,0,0.8333333333,12,5,6,0,0,0,0,0,0,6,5,6,5,0,0,0,0,-3.3788,37.177,0,5,5,0,0,0,0,0,0,0,1,1,0,0,0,0,0,0,0,0,0,0,0,1,0,0,0,0,0,0,0,0,0,0,0,0,0,0,0,0,0,0,0,0,0,0,0,0,0,0,0,0,0,0,0,0,0,0,0,0,0,0,0,0,0,0,0,0,0,0,0,0,0,0,0,0,0,0,0,0,0,0,0,0,0
C1C(C(OC2=CC(=CC(=C2C1O)O)O)C3=CC=C(C=C3)O)O,10.28280896,10.28280896,0.03087466931,-1.11785646,0.5485141693,24.18181818,304.298,288.17,304.0946882,116,0,0.1496078901,-0.5079666064,0.5079666064,0.1496078901,0.9090909091,1.590909091,2.272727273,16.5057682,9.975336396,2.334618987,-2.21980962,2.443622479,-2.227356646,5.512489904,0.01346983384,2.559420495,2.04817253,681.780541,15.85300667,11.54757547,11.54757547,10.4523975,6.830292505,6.830292505,5.325538601,5.325538601,3.727991936,3.727991936,2.669920012,2.669920012,-2.44,95364.00766,14.49530244,5.39831475,2.537870364,126.0271486,30.26949993,29.10201372,0,0,0,0,0,0,0,0,12.13273414,17.69618563,18.55355576,17.77138427,30.26949993,0,0,0,0,24.73272079,0,47.52510539,0,22.99804733,4.736862954,0,22.99804733,0,31.63660336,0,0,29.75565738,36.39820241,0,0,0,110.38,18.31189916,25.53263697,0,34.98232045,5.563451492,6.066367068,18.19910121,12.13273414,0,0,4.736862954,5.715553666,0,0,49.2796204,0.7419546275,-0.2985532145,8.523872578,-2.962448061,0,0,0.25,22,5,6,0,1,1,2,0,2,6,5,6,1,0,0,0,3,1.7215,76.831,0,2,2,0,0,0,0,3,0,0,0,0,0,0,0,0,0,0,0,0,0,0,0,0,0,0,0,0,0,0,0,0,0,0,2,0,1,0,0,0,0,1,0,0,0,0,0,0,0,0,0,0,0,0,0,0,0,0,0,0,0,0,0,0,0,3,3,0,0,0,0,0,0,0,0,0,0,0,0,0,0,0,0,0,0
C(C(C(C(CO)O)O)O)O,8.766203704,8.766203704,0.6406481481,-1.490740741,0.2963895135,20.1,152.146,140.05,152.0684735,62,0,0.1101980452,-0.3935791369,0.3935791369,0.1101980452,0.8,1.1,1.3,16.38431847,10.11019466,2.221860408,-2.185681291,1.974760576,-2.407519147,4.726995434,-0.09001222366,1.99711931,3.685406534,76.10749561,8.14626437,5.382332347,5.382332347,4.629427618,2.890215449,2.890215449,1.990436148,1.990436148,1.162567791,1.162567791,0.4724282147,0.4724282147,-0.2,139.7983517,9.8,4.590123457,2.590290147,58.17018825,25.53263697,18.31189916,0,0,0,0,0,0,0,0,0,0,0,13.21376393,25.53263697,0,0,0,0,18.31189916,13.21376393,0,0,0,0,0,0,0,57.05830007,0,0,0,0,0,0,0,101.15,31.52566309,0,0,0,0,0,0,0,0,0,25.53263697,0,0,0,42.57361111,0,0,0,-4.292314815,-1.281296296,0,1,10,5,5,0,0,0,0,0,0,5,5,5,4,0,0,0,0,-2.9463,32.192,0,5,5,0,0,0,0,0,0,0,0,0,0,0,0,0,0,0,0,0,0,0,0,0,0,0,0,0,0,0,0,0,0,0,0,0,0,0,0,0,0,0,0,0,0,0,0,0,0,0,0,0,0,0,0,0,0,0,0,0,0,0,0,0,0,0,0,0,0,0,0,0,0,0,0,0,0,0,0,0,0,0,0,0,0
CC(C)C1=CC=CC=C1,2.203703704,2.203703704,0.6585185185,0.6585185185,0.534261738,10.11111111,120.195,108.099,120.0939004,48,0,-0.02188238562,-0.06224839475,0.06224839475,0.02188238562,1,1.555555556,1.888888889,13.98379891,10.04379619,1.928657057,-2.011643296,2.111238317,-1.829334461,5.170386828,0.8666303747,1.900372628,2.848234051,162.6530014,6.690234444,5.964101615,5.964101615,4.304530453,3.354059275,3.354059275,2.565384141,2.565384141,1.466239158,1.466239158,0.8379390983,0.8379390983,-0.78,129.2253387,6.341654501,2.674337261,1.562760731,56.52622946,0,0,0,0,0,0,0,0,0,0,44.17930974,11.48135754,0,0,0,0,0,0,0,19.76538045,0,35.89528683,0,0,0,0,0,0,0,0,0,25.32883194,30.33183534,0,0,0,0,0,0,0,0,5.917906046,0,5.563451492,0,6.066367068,38.11294267,0,0,0,0,0,1.414351852,0.6585185185,10.51972222,0,4.407407407,0,0.3333333333,9,0,0,0,0,0,1,0,1,0,0,0,1,0,0,0,1,2.81,40.531,0,0,0,0,0,0,0,0,0,0,0,0,0,0,0,0,0,0,0,0,0,0,0,0,0,0,0,0,0,0,0,0,0,0,1,0,0,0,0,0,0,0,0,0,0,0,0,0,0,0,0,0,0,0,0,0,0,0,0,0,0,0,0,0,0,0,0,0,0,0,0,0,0,0,0,0,0,0,0,0,0,0,0,0,0
CC(=CC1=C(C(=CC=C1C(=C/C=C/C=C/C=C/C=C/C=C/C=C/C=C/C=C/C=C/C(=C/C=C/C=C/C=C/C=C/C=C\C=C(/C)C=C)C=C)C)C)C)C,3.893083848,3.893083848,1.033506019,1.033506019,0.1201118849,14.53846154,683.036,624.572,682.4538519,266,0,-0.0150080609,-0.09880209438,0.09880209438,0.0150080609,0.4423076923,0.8269230769,1.230769231,14.11471135,9.92018071,2.067352286,-2.12733337,2.265355197,-1.933441938,5.765771503,1.295915103,3.130803694,2.410943474,1815.895774,38.07464628,32.19882325,32.19882325,25.29413142,17.70324793,17.70324793,11.88848116,11.88848116,7.261683373,7.261683373,4.221552796,4.221552796,-5.98,114948373211,44.04172968,29.89485198,22.61511852,316.4266797,0,0,0,0,0,0,0,0,0,0,243.0214982,74.94243823,0,0,0,11.64912464,0,0,0,41.5424232,0,264.7723886,0,0,0,0,0,0,0,0,13.8474744,49.94875477,242.5185826,0,11.64912464,0,0,0,0,0,0,0,11.14620906,33.40001503,0,189.2043404,84.21337193,0,0,0,0,0,10.00373392,0,4.434224683,68.40680166,20.48857306,0,0.1153846154,52,0,0,0,0,0,1,0,1,0,0,0,20,0,0,0,1,15.16144,239.086,0,0,0,0,0,0,0,0,0,0,0,0,0,0,0,0,0,0,0,0,0,0,0,0,0,0,37,0,0,0,1,0,0,0,1,0,0,0,0,0,0,0,0,0,0,0,0,0,0,0,0,0,0,0,0,0,0,0,0,0,0,0,0,0,0,0,0,0,0,0,0,0,0,0,0,0,0,0,0,0,0,0,0,0,0